<?xml version="1.0"?>
<!DOCTYPE hibernate-mapping PUBLIC "-//Hibernate/Hibernate Mapping DTD 3.0//EN"
"http://hibernate.sourceforge.net/hibernate-mapping-3.0.dtd">
<!-- Generated 24/09/2019 15:51:33 by Hibernate Tools 3.4.0.CR1 -->
<hibernate-mapping>
    <class name="br.ifsp.model.Problema" table="PROBLEMA">
        <id name="id" type="int">
            <column name="ID" />
            <generator class="assigned" />
        </id>
        <property name="tipo" type="java.lang.String">
            <column name="TIPO" />
        </property>
        <property name="descricao" type="java.lang.String">
            <column name="DESCRICAO" />
        </property>
        <property name="data" type="java.lang.String">
            <column name="DATA" />
        </property>
    </class>
</hibernate-mapping>
