<?xml version="1.0"?>
<!DOCTYPE hibernate-mapping PUBLIC "-//Hibernate/Hibernate Mapping DTD 3.0//EN"
"http://hibernate.sourceforge.net/hibernate-mapping-3.0.dtd">
<!-- Generated 24/09/2019 15:51:33 by Hibernate Tools 3.4.0.CR1 -->
<hibernate-mapping>
    <class name="br.ifsp.model.Usuario" table="USUARIO">
        <id name="nome" type="java.lang.String">
            <column name="NOME" />
            <generator class="assigned" />
        </id>
        <property name="login" type="java.lang.String">
            <column name="LOGIN" />
        </property>
        <property name="senha" type="int">
            <column name="SENHA" />
        </property>
        <list name="problemas" inverse="false" table="PROBLEMA" lazy="true" access="field">
            <key>
                <column name="NOME" />
            </key>
            <list-index></list-index>
            <one-to-many class="br.ifsp.model.Problema" />
        </list>
    </class>
</hibernate-mapping>
